wl,n
1.53941,1.62158
1.54036,1.62157
1.54131,1.62156
1.54226,1.62155
1.54321,1.62153
1.54416,1.62152
1.54512,1.62151
1.54607,1.62150
1.54703,1.62149
1.54799,1.62148
1.54895,1.62147
1.54991,1.62145
1.55087,1.62144
1.55183,1.62143
1.55280,1.62142
1.55376,1.62141
1.55473,1.62140
1.55569,1.62138
1.55666,1.62137
1.55763,1.62136
1.55860,1.62135
1.55958,1.62134
1.56055,1.62133
1.56152,1.62131
1.56250,1.62130
1.56348,1.62129
1.56446,1.62128
1.56544,1.62127
1.56642,1.62125
1.56740,1.62124
1.56838,1.62123
1.56937,1.62122
1.57035,1.62121
1.57134,1.62119
1.57233,1.62118
1.57332,1.62117
1.57431,1.62116
1.57530,1.62115
1.57629,1.62113
1.57729,1.62112
1.57828,1.62111
1.57928,1.62110
1.58028,1.62108
1.58128,1.62107
1.58228,1.62106
1.58328,1.62105
1.58428,1.62104
1.58529,1.62102
1.58629,1.62101
1.58730,1.62100
1.58831,1.62099
1.58932,1.62097
1.59033,1.62096
1.59134,1.62095
1.59236,1.62094
1.59337,1.62092
1.59439,1.62091
1.59541,1.62090
1.59642,1.62088
1.59744,1.62087
1.59847,1.62086
1.59949,1.62085
1.60051,1.62083
1.60154,1.62082
1.60256,1.62081
1.60359,1.62080
1.60462,1.62078
1.60565,1.62077
1.60668,1.62076
1.60772,1.62074
1.60875,1.62073
1.60979,1.62072
1.61082,1.62071
1.61186,1.62069
1.61290,1.62068
1.61394,1.62067
1.61499,1.62065
1.61603,1.62064
1.61708,1.62063
1.61812,1.62061
1.61917,1.62060
1.62022,1.62059
1.62127,1.62057
1.62232,1.62056
1.62338,1.62055
1.62443,1.62053
1.62549,1.62052
1.62655,1.62051
1.62760,1.62049
1.62866,1.62048
1.62973,1.62047
1.63079,1.62045
1.63185,1.62044
1.63292,1.62043
1.63399,1.62041
1.63506,1.62040
1.63613,1.62039
1.63720,1.62037
1.63827,1.62036
1.63934,1.62034
1.64042,1.62033
1.64150,1.62032
1.64258,1.62030
1.64366,1.62029
1.64474,1.62028
1.64582,1.62026
1.64690,1.62025
1.64799,1.62023
1.64908,1.62022
1.65017,1.62021
1.65125,1.62019
1.65235,1.62018
1.65344,1.62016
1.65453,1.62015
1.65563,1.62014
1.65673,1.62012
1.65782,1.62011
1.65893,1.62009
1.66003,1.62008
1.66113,1.62006
1.66223,1.62005
1.66334,1.62004
1.66445,1.62002
1.66556,1.62001
1.66667,1.61999
1.66778,1.61998
1.66889,1.61996
1.67001,1.61995
1.67112,1.61993
1.67224,1.61992
1.67336,1.61990
1.67448,1.61989
1.67560,1.61988
1.67673,1.61986
1.67785,1.61985
1.67898,1.61983
1.68011,1.61982
1.68124,1.61980
1.68237,1.61979
1.68350,1.61977
1.68464,1.61976
1.68577,1.61974
1.68691,1.61973
1.68805,1.61971
1.68919,1.61970
1.69033,1.61968
1.69147,1.61967
1.69262,1.61965
1.69377,1.61964
1.69492,1.61962
1.69607,1.61961
1.69722,1.61959
1.69837,1.61958
1.69952,1.61956
1.70068,1.61955
1.70184,1.61953
1.70300,1.61951
1.70416,1.61950
1.70532,1.61948
1.70648,1.61947
1.70765,1.61945
1.70882,1.61944
1.70999,1.61942
1.71116,1.61941
1.71233,1.61939
1.71350,1.61937
1.71468,1.61936
1.71585,1.61934
1.71703,1.61933
1.71821,1.61931
1.71939,1.61930
1.72058,1.61928
1.72176,1.61926
1.72295,1.61925
1.72414,1.61923
1.72533,1.61922
1.72652,1.61920
1.72771,1.61918
1.72891,1.61917
1.73010,1.61915
1.73130,1.61914
1.73250,1.61912
1.73370,1.61910
1.73491,1.61909
1.73611,1.61907
1.73732,1.61905
1.73853,1.61904
1.73974,1.61902
1.74095,1.61900
1.74216,1.61899
1.74338,1.61897
1.74459,1.61895
1.74581,1.61894
1.74703,1.61892
1.74825,1.61890
1.74948,1.61889
1.75070,1.61887
1.75193,1.61885
1.75316,1.61884
1.75439,1.61882
1.75562,1.61880
1.75685,1.61879
1.75809,1.61877
1.75932,1.61875
1.76056,1.61874
1.76180,1.61872
1.76305,1.61870
1.76429,1.61868
1.76554,1.61867
1.76678,1.61865
1.76803,1.61863
1.76929,1.61862
1.77054,1.61860
1.77179,1.61858
1.77305,1.61856
1.77431,1.61855
1.77557,1.61853
1.77683,1.61851
1.77809,1.61849
1.77936,1.61848
1.78063,1.61846
1.78190,1.61844
1.78317,1.61842
1.78444,1.61840
1.78571,1.61839
1.78699,1.61837
1.78827,1.61835
1.78955,1.61833
1.79083,1.61832
1.79211,1.61830
1.79340,1.61828
1.79469,1.61826
1.79598,1.61824
1.79727,1.61823
1.79856,1.61821
1.79986,1.61819
1.80115,1.61817
1.80245,1.61815
1.80375,1.61813
1.80505,1.61812
1.80636,1.61810
1.80766,1.61808
1.80897,1.61806
1.81028,1.61804
1.81159,1.61802
1.81291,1.61800
1.81422,1.61799
1.81554,1.61797
1.81686,1.61795
1.81818,1.61793
1.81951,1.61791
1.82083,1.61789
1.82216,1.61787
1.82349,1.61785
1.82482,1.61783
1.82615,1.61782
1.82749,1.61780
1.82882,1.61778
1.83016,1.61776
1.83150,1.61774
1.83284,1.61772
1.83419,1.61770
1.83554,1.61768
1.83688,1.61766
1.83824,1.61764
1.83959,1.61762
1.84094,1.61760
1.84230,1.61758
1.84366,1.61756
1.84502,1.61754
1.84638,1.61752
1.84775,1.61750
1.84911,1.61748
1.85048,1.61746
1.85185,1.61745
1.85322,1.61743
1.85460,1.61741
1.85598,1.61739
1.85736,1.61737
1.85874,1.61734
1.86012,1.61732
1.86150,1.61730
1.86289,1.61728
1.86428,1.61726
1.86567,1.61724
1.86706,1.61722
1.86846,1.61720
1.86986,1.61718
1.87126,1.61716
1.87266,1.61714
1.87406,1.61712
1.87547,1.61710
1.87688,1.61708
1.87829,1.61706
1.87970,1.61704
1.88111,1.61702
1.88253,1.61700
1.88395,1.61697
1.88537,1.61695
1.88679,1.61693
1.88822,1.61691
1.88964,1.61689
1.89107,1.61687
1.89251,1.61685
1.89394,1.61683
1.89538,1.61681
1.89681,1.61678
1.89825,1.61676
1.89970,1.61674
1.90114,1.61672
1.90259,1.61670
1.90404,1.61668
1.90549,1.61665
1.90694,1.61663
1.90840,1.61661
1.90985,1.61659
1.91131,1.61657
1.91278,1.61655
1.91424,1.61652
1.91571,1.61650
1.91718,1.61648
1.91865,1.61646
1.92012,1.61643
1.92160,1.61641
1.92308,1.61639
1.92456,1.61637
1.92604,1.61635
1.92753,1.61632
1.92901,1.61630
1.93050,1.61628
1.93199,1.61625
1.93349,1.61623
1.93498,1.61621
1.93648,1.61619
1.93798,1.61616
1.93949,1.61614
1.94099,1.61612
1.94250,1.61609
1.94401,1.61607
1.94553,1.61605
1.94704,1.61603
1.94856,1.61600
1.95008,1.61598
1.95160,1.61596
1.95313,1.61593
1.95465,1.61591
1.95618,1.61589
1.95771,1.61586
1.95925,1.61584
1.96078,1.61581
1.96232,1.61579
1.96386,1.61577
1.96541,1.61574
1.96696,1.61572
1.96850,1.61570
1.97006,1.61567
1.97161,1.61565
1.97316,1.61562
1.97472,1.61560
1.97628,1.61557
1.97785,1.61555
1.97941,1.61553
1.98098,1.61550
1.98255,1.61548
1.98413,1.61545
1.98570,1.61543
1.98728,1.61540
1.98886,1.61538
1.99045,1.61535
1.99203,1.61533
1.99362,1.61530
1.99521,1.61528
1.99681,1.61525
1.99840,1.61523
2.00000,1.61520
2.00160,1.61518
2.00321,1.61515
2.00481,1.61513
2.00642,1.61510
2.00803,1.61508
2.00965,1.61505
2.01126,1.61503
2.01288,1.61500
2.01450,1.61497
2.01613,1.61495
2.01776,1.61492
2.01939,1.61490
2.02102,1.61487
2.02265,1.61484
2.02429,1.61482
2.02593,1.61479
2.02758,1.61477
2.02922,1.61474
2.03087,1.61471
2.03252,1.61469
2.03417,1.61466
2.03583,1.61463
2.03749,1.61461
2.03915,1.61458
2.04082,1.61455
2.04248,1.61453
2.04415,1.61450
2.04583,1.61447
2.04750,1.61445
2.04918,1.61442
2.05086,1.61439
2.05255,1.61436
2.05423,1.61434
2.05592,1.61431
2.05761,1.61428
2.05931,1.61425
2.06101,1.61423
2.06271,1.61420
2.06441,1.61417
2.06612,1.61414
2.06782,1.61412
2.06954,1.61409
2.07125,1.61406
2.07297,1.61403
2.07469,1.61400
2.07641,1.61397
2.07814,1.61395
2.07987,1.61392
2.08160,1.61389
2.08333,1.61386
2.08507,1.61383
2.08681,1.61380
2.08855,1.61377
2.09030,1.61375
2.09205,1.61372
2.09380,1.61369
2.09556,1.61366
2.09732,1.61363
2.09908,1.61360
2.10084,1.61357
2.10261,1.61354
2.10438,1.61351
2.10615,1.61348
2.10793,1.61345
2.10970,1.61342
2.11149,1.61339
2.11327,1.61336
2.11506,1.61333
2.11685,1.61330
2.11864,1.61327
2.12044,1.61324
2.12224,1.61321
2.12404,1.61318
2.12585,1.61315
2.12766,1.61312
2.12947,1.61309
2.13129,1.61306
2.13311,1.61303
2.13493,1.61300
2.13675,1.61297
2.13858,1.61294
2.14041,1.61291
2.14225,1.61288
2.14408,1.61285
2.14592,1.61281
2.14777,1.61278
2.14961,1.61275
2.15146,1.61272
2.15332,1.61269
2.15517,1.61266
2.15703,1.61263
2.15889,1.61259
2.16076,1.61256
2.16263,1.61253
2.16450,1.61250
2.16638,1.61247
2.16826,1.61243
2.17014,1.61240
2.17202,1.61237
2.17391,1.61234
2.17581,1.61230
2.17770,1.61227
2.17960,1.61224
2.18150,1.61220
2.18341,1.61217
2.18531,1.61214
2.18723,1.61211
2.18914,1.61207
2.19106,1.61204
2.19298,1.61201
2.19491,1.61197
2.19684,1.61194
2.19877,1.61190
2.20070,1.61187
2.20264,1.61184
2.20459,1.61180
2.20653,1.61177
2.20848,1.61173
2.21043,1.61170
2.21239,1.61167
2.21435,1.61163
2.21631,1.61160
2.21828,1.61156
2.22025,1.61153
2.22222,1.61149
2.22420,1.61146
2.22618,1.61142
2.22816,1.61139
2.23015,1.61135
2.23214,1.61132
2.23414,1.61128
2.23614,1.61125
2.23814,1.61121
2.24014,1.61118
2.24215,1.61114
2.24417,1.61110
2.24618,1.61107
2.24820,1.61103
2.25023,1.61100
2.25225,1.61096
2.25428,1.61092
2.25632,1.61089
2.25836,1.61085
2.26040,1.61081
2.26244,1.61078
2.26449,1.61074
2.26655,1.61070
2.26860,1.61067
2.27066,1.61063
2.27273,1.61059
2.27480,1.61055
2.27687,1.61052
2.27894,1.61048
2.28102,1.61044
2.28311,1.61040
2.28519,1.61037
2.28728,1.61033
2.28938,1.61029
2.29148,1.61025
2.29358,1.61021
2.29568,1.61017
2.29779,1.61014
2.29991,1.61010
2.30203,1.61006
2.30415,1.61002
2.30627,1.60998
2.30840,1.60994
2.31054,1.60990
2.31267,1.60986
2.31481,1.60982
2.31696,1.60978
2.31911,1.60974
2.32126,1.60970
2.32342,1.60966
2.32558,1.60962
2.32775,1.60958
2.32992,1.60954
2.33209,1.60950
2.33427,1.60946
2.33645,1.60942
2.33863,1.60938
2.34082,1.60934
2.34302,1.60930
2.34522,1.60926
2.34742,1.60922
2.34962,1.60918
2.35183,1.60913
2.35405,1.60909
2.35627,1.60905
2.35849,1.60901
2.36072,1.60897
2.36295,1.60892
2.36518,1.60888
2.36742,1.60884
2.36967,1.60880
2.37192,1.60876
2.37417,1.60871
2.37643,1.60867
2.37869,1.60863
2.38095,1.60858
2.38322,1.60854
2.38550,1.60850
2.38777,1.60845
2.39006,1.60841
2.39234,1.60837
2.39464,1.60832
2.39693,1.60828
2.39923,1.60823
2.40154,1.60819
2.40385,1.60815
2.40616,1.60810
2.40848,1.60806
2.41080,1.60801
2.41313,1.60797
2.41546,1.60792
2.41779,1.60788
2.42014,1.60783
2.42248,1.60779
2.42483,1.60774
2.42718,1.60770
2.42954,1.60765
2.43191,1.60760
2.43427,1.60756
2.43665,1.60751
2.43902,1.60746
2.44141,1.60742
2.44379,1.60737
2.44618,1.60732
2.44858,1.60728
2.45098,1.60723
2.45339,1.60718
2.45580,1.60714
2.45821,1.60709
2.46063,1.60704
2.46305,1.60699
2.46548,1.60694
2.46792,1.60690
2.47036,1.60685
2.47280,1.60680
2.47525,1.60675
2.47770,1.60670
2.48016,1.60665
2.48262,1.60660
2.48509,1.60656
2.48756,1.60651
2.49004,1.60646
2.49252,1.60641
2.49501,1.60636
2.49750,1.60631
2.50000,1.60626
2.50250,1.60621
2.50501,1.60616
2.50752,1.60611
2.51004,1.60606
2.51256,1.60600
2.51509,1.60595
2.51762,1.60590
2.52016,1.60585
2.52270,1.60580
2.52525,1.60575
2.52781,1.60570
2.53036,1.60564
2.53293,1.60559
2.53550,1.60554
2.53807,1.60549
2.54065,1.60543
2.54323,1.60538
2.54582,1.60533
2.54842,1.60527
2.55102,1.60522
2.55363,1.60517
2.55624,1.60511
2.55885,1.60506
2.56148,1.60501
2.56410,1.60495
2.56674,1.60490
2.56937,1.60484
2.57202,1.60479
2.57467,1.60473
2.57732,1.60468
2.57998,1.60462
2.58264,1.60457
2.58532,1.60451
2.58799,1.60446
2.59067,1.60440
2.59336,1.60434
2.59605,1.60429
2.59875,1.60423
2.60146,1.60417
2.60417,1.60412
2.60688,1.60406
2.60960,1.60400
2.61233,1.60395
2.61506,1.60389
2.61780,1.60383
2.62055,1.60377
2.62329,1.60371
2.62605,1.60366
2.62881,1.60360
2.63158,1.60354
2.63435,1.60348
2.63713,1.60342
2.63992,1.60336
2.64271,1.60330
2.64550,1.60324
2.64831,1.60318
2.65111,1.60312
2.65393,1.60306
2.65675,1.60300
2.65957,1.60294
2.66241,1.60288
2.66525,1.60282
2.66809,1.60276
2.67094,1.60270
2.67380,1.60263
2.67666,1.60257
2.67953,1.60251
2.68240,1.60245
2.68528,1.60238
2.68817,1.60232
2.69107,1.60226
2.69397,1.60220
2.69687,1.60213
2.69978,1.60207
2.70270,1.60200
2.70563,1.60194
2.70856,1.60188
2.71150,1.60181
2.71444,1.60175
2.71739,1.60168
2.72035,1.60162
2.72331,1.60155
2.72628,1.60149
2.72926,1.60142
2.73224,1.60135
2.73523,1.60129
2.73823,1.60122
2.74123,1.60115
2.74424,1.60109
2.74725,1.60102
2.75028,1.60095
2.75330,1.60089
2.75634,1.60082
2.75938,1.60075
2.76243,1.60068
2.76549,1.60061
2.76855,1.60054
2.77162,1.60047
2.77469,1.60040
2.77778,1.60034
2.78087,1.60027
2.78396,1.60020
2.78707,1.60013
2.79018,1.60005
2.79330,1.59998
2.79642,1.59991
2.79955,1.59984
2.80269,1.59977
2.80584,1.59970
2.80899,1.59963
2.81215,1.59955
2.81532,1.59948
2.81849,1.59941
2.82167,1.59934
2.82486,1.59926
2.82805,1.59919
2.83126,1.59911
2.83447,1.59904
2.83768,1.59897
2.84091,1.59889
2.84414,1.59882
2.84738,1.59874
2.85063,1.59867
2.85388,1.59859
2.85714,1.59851
2.86041,1.59844
2.86369,1.59836
2.86697,1.59828
2.87026,1.59821
2.87356,1.59813
2.87687,1.59805
2.88018,1.59797
2.88351,1.59790
2.88684,1.59782
2.89017,1.59774
2.89352,1.59766
2.89687,1.59758
2.90023,1.59750
2.90360,1.59742
2.90698,1.59734
2.91036,1.59726
2.91375,1.59718
2.91715,1.59710
2.92056,1.59702
2.92398,1.59693
2.92740,1.59685
2.93083,1.59677
2.93427,1.59669
2.93772,1.59660
2.94118,1.59652
2.94464,1.59644
2.94811,1.59635
2.95159,1.59627
2.95508,1.59619
2.95858,1.59610
2.96209,1.59602
2.96560,1.59593
2.96912,1.59584
2.97265,1.59576
2.97619,1.59567
2.97974,1.59558
2.98329,1.59550
2.98686,1.59541
2.99043,1.59532
2.99401,1.59523
2.99760,1.59515
3.00120,1.59506
3.00481,1.59497
3.00842,1.59488
3.01205,1.59479
3.01568,1.59470
3.01932,1.59461
3.02297,1.59452
3.02663,1.59443
3.03030,1.59433
3.03398,1.59424
3.03767,1.59415
3.04136,1.59406
3.04507,1.59397
3.04878,1.59387
3.05250,1.59378
3.05623,1.59368
3.05998,1.59359
3.06373,1.59350
3.06748,1.59340
3.07125,1.59331
3.07503,1.59321
3.07882,1.59311
3.08261,1.59302
3.08642,1.59292
3.09023,1.59282
3.09406,1.59272
3.09789,1.59263
3.10174,1.59253
3.10559,1.59243
3.10945,1.59233
3.11333,1.59223
3.11721,1.59213
3.12110,1.59203
3.12500,1.59193
3.12891,1.59183
3.13283,1.59173
3.13676,1.59162
3.14070,1.59152
3.14465,1.59142
3.14861,1.59132
3.15259,1.59121
3.15657,1.59111
3.16056,1.59100
3.16456,1.59090
3.16857,1.59079
3.17259,1.59069
3.17662,1.59058
3.18066,1.59047
3.18471,1.59037
3.18878,1.59026
3.19285,1.59015
3.19693,1.59004
3.20102,1.58993
3.20513,1.58983
3.20924,1.58972
3.21337,1.58961
3.21750,1.58949
3.22165,1.58938
3.22581,1.58927
3.22997,1.58916
3.23415,1.58905
3.23834,1.58893
3.24254,1.58882
3.24675,1.58871
3.25098,1.58859
3.25521,1.58848
3.25945,1.58836
3.26371,1.58825
3.26797,1.58813
3.27225,1.58801
3.27654,1.58790
3.28084,1.58778
3.28515,1.58766
3.28947,1.58754
3.29381,1.58742
3.29815,1.58730
3.30251,1.58718
3.30688,1.58706
3.31126,1.58694
3.31565,1.58682
3.32005,1.58670
3.32447,1.58657
3.32889,1.58645
3.33333,1.58633
3.33778,1.58620
3.34225,1.58608
3.34672,1.58595
3.35121,1.58583
3.35570,1.58570
3.36022,1.58557
3.36474,1.58545
3.36927,1.58532
3.37382,1.58519
3.37838,1.58506
3.38295,1.58493
3.38753,1.58480
3.39213,1.58467
3.39674,1.58454
3.40136,1.58440
3.40599,1.58427
3.41064,1.58414
3.41530,1.58400
3.41997,1.58387
3.42466,1.58374
3.42936,1.58360
3.43407,1.58346
3.43879,1.58333
3.44353,1.58319
3.44828,1.58305
3.45304,1.58291
3.45781,1.58277
3.46260,1.58263
3.46741,1.58249
3.47222,1.58235
3.47705,1.58221
3.48189,1.58207
3.48675,1.58192
3.49162,1.58178
3.49650,1.58164
3.50140,1.58149
3.50631,1.58135
3.51124,1.58120
3.51617,1.58105
3.52113,1.58090
3.52609,1.58076
3.53107,1.58061
3.53607,1.58046
3.54108,1.58031
3.54610,1.58016
3.55114,1.58000
3.55619,1.57985
3.56125,1.57970
3.56633,1.57955
3.57143,1.57939
3.57654,1.57924
3.58166,1.57908
3.58680,1.57892
3.59195,1.57877
3.59712,1.57861
3.60231,1.57845
3.60750,1.57829
3.61272,1.57813
3.61795,1.57797
3.62319,1.57781
3.62845,1.57764
3.63372,1.57748
3.63901,1.57731
3.64431,1.57715
3.64964,1.57698
3.65497,1.57682
3.66032,1.57665
3.66569,1.57648
3.67107,1.57631
3.67647,1.57614
3.68189,1.57597
3.68732,1.57580
3.69276,1.57563
3.69822,1.57546
3.70370,1.57528
3.70920,1.57511
3.71471,1.57493
3.72024,1.57476
3.72578,1.57458
3.73134,1.57440
3.73692,1.57422
3.74251,1.57404
3.74813,1.57386
3.75375,1.57368
3.75940,1.57350
3.76506,1.57331
3.77074,1.57313
3.77644,1.57294
3.78215,1.57276
3.78788,1.57257
3.79363,1.57238
3.79939,1.57219
3.80518,1.57200
3.81098,1.57181
3.81679,1.57162
3.82263,1.57143
3.82848,1.57123
3.83436,1.57104
3.84025,1.57084
3.84615,1.57065
3.85208,1.57045
3.85802,1.57025
3.86399,1.57005
3.86997,1.56985
3.87597,1.56965
3.88199,1.56945
3.88802,1.56924
3.89408,1.56904
3.90016,1.56883
3.90625,1.56863
3.91236,1.56842
3.91850,1.56821
3.92465,1.56800
3.93082,1.56779
3.93701,1.56757
3.94322,1.56736
3.94945,1.56715
3.95570,1.56693
3.96197,1.56671
3.96825,1.56650
3.97456,1.56628
3.98089,1.56606
3.98724,1.56584
3.99361,1.56561
4.00000,1.56539
4.00641,1.56516
4.01284,1.56494
4.01929,1.56471
4.02576,1.56448
4.03226,1.56425
4.03877,1.56402
4.04531,1.56379
4.05186,1.56356
4.05844,1.56332
4.06504,1.56309
4.07166,1.56285
4.07830,1.56261
4.08497,1.56237
4.09165,1.56213
4.09836,1.56189
4.10509,1.56164
4.11184,1.56140
4.11862,1.56115
4.12541,1.56090
4.13223,1.56066
4.13907,1.56041
4.14594,1.56015
4.15282,1.55990
4.15973,1.55965
4.16667,1.55939
4.17362,1.55913
4.18060,1.55887
4.18760,1.55861
4.19463,1.55835
4.20168,1.55809
4.20875,1.55782
4.21585,1.55756
4.22297,1.55729
4.23012,1.55702
4.23729,1.55675
4.24448,1.55648
4.25170,1.55620
4.25894,1.55593
4.26621,1.55565
4.27350,1.55537
4.28082,1.55509
4.28816,1.55481
4.29553,1.55453
4.30293,1.55424
4.31034,1.55395
4.31779,1.55367
4.32526,1.55338
4.33276,1.55308
4.34028,1.55279
4.34783,1.55250
4.35540,1.55220
4.36300,1.55190
4.37063,1.55160
4.37828,1.55130
4.38596,1.55099
4.39367,1.55069
4.40141,1.55038
4.40917,1.55007
4.41696,1.54976
4.42478,1.54945
4.43262,1.54913
4.44050,1.54881
4.44840,1.54850
4.45633,1.54817
4.46429,1.54785
4.47227,1.54753
4.48029,1.54720
4.48833,1.54687
4.49640,1.54654
4.50450,1.54621
4.51264,1.54587
4.52080,1.54554
4.52899,1.54520
4.53721,1.54486
4.54545,1.54451
4.55373,1.54417
4.56204,1.54382
4.57038,1.54347
4.57875,1.54312
4.58716,1.54277
4.59559,1.54241
4.60405,1.54205
4.61255,1.54169
4.62107,1.54133
4.62963,1.54096
4.63822,1.54060
4.64684,1.54023
4.65549,1.53985
4.66418,1.53948
4.67290,1.53910
4.68165,1.53872
4.69043,1.53834
4.69925,1.53796
4.70810,1.53757
4.71698,1.53718
4.72590,1.53679
4.73485,1.53639
4.74383,1.53600
4.75285,1.53560
4.76190,1.53519
4.77099,1.53479
4.78011,1.53438
4.78927,1.53397
4.79846,1.53356
4.80769,1.53314
4.81696,1.53272
4.82625,1.53230
4.83559,1.53188
4.84496,1.53145
4.85437,1.53102
4.86381,1.53059
4.87329,1.53015
4.88281,1.52971
4.89237,1.52927
4.90196,1.52883
4.91159,1.52838
4.92126,1.52793
4.93097,1.52747
4.94071,1.52702
4.95050,1.52656
4.96032,1.52609
4.97018,1.52562
4.98008,1.52515
4.99002,1.52468
5.00000,1.52420
5.01002,1.52372
5.02008,1.52324
5.03018,1.52275
5.04032,1.52226
5.05051,1.52177
5.06073,1.52127
5.07099,1.52077
5.08130,1.52027
5.09165,1.51976
5.10204,1.51925
5.11247,1.51873
5.12295,1.51821
5.13347,1.51769
5.14403,1.51716
5.15464,1.51663
5.16529,1.51610
5.17598,1.51556
5.18672,1.51501
5.19751,1.51447
5.20833,1.51392
5.21921,1.51336
5.23013,1.51280
5.24109,1.51224
5.25210,1.51167
5.26316,1.51110
5.27426,1.51052
5.28541,1.50994
5.29661,1.50936
5.30786,1.50877
5.31915,1.50817
5.33049,1.50758
5.34188,1.50697
5.35332,1.50636
5.36481,1.50575
5.37634,1.50514
5.38793,1.50451
5.39957,1.50389
5.41126,1.50325
5.42299,1.50262
5.43478,1.50198
5.44662,1.50133
5.45852,1.50068
5.47046,1.50002
5.48246,1.49936
5.49451,1.49869
5.50661,1.49801
5.51876,1.49734
5.53097,1.49665
5.54324,1.49596
5.55556,1.49527
5.56793,1.49456
5.58036,1.49386
5.59284,1.49314
5.60538,1.49243
5.61798,1.49170
5.63063,1.49097
5.64334,1.49023
5.65611,1.48949
5.66893,1.48874
5.68182,1.48799
5.69476,1.48722
5.70776,1.48645
5.72082,1.48568
5.73394,1.48490
5.74713,1.48411
5.76037,1.48331
5.77367,1.48251
5.78704,1.48170
5.80046,1.48089
5.81395,1.48006
5.82751,1.47923
5.84112,1.47839
5.85480,1.47755
5.86854,1.47670
5.88235,1.47584
5.89623,1.47497
5.91017,1.47409
5.92417,1.47321
5.93824,1.47232
5.95238,1.47142
5.96659,1.47051
5.98086,1.46959
5.99520,1.46867
6.00962,1.46773
6.02410,1.46679
6.03865,1.46584
6.05327,1.46488
6.06796,1.46391
6.08273,1.46293
6.09756,1.46194
6.11247,1.46095
6.12745,1.45994
6.14251,1.45893
6.15764,1.45790
6.17284,1.45687
6.18812,1.45582
6.20347,1.45476
6.21891,1.45370
6.23441,1.45262
6.25000,1.45154
6.26566,1.45044
6.28141,1.44933
6.29723,1.44821
6.31313,1.44708
6.32911,1.44594
6.34518,1.44478
6.36132,1.44362
6.37755,1.44244
6.39386,1.44125
6.41026,1.44005
6.42674,1.43883
6.44330,1.43761
6.45995,1.43637
6.47668,1.43512
6.49351,1.43385
6.51042,1.43257
6.52742,1.43128
6.54450,1.42997
6.56168,1.42865
6.57895,1.42732
6.59631,1.42597
6.61376,1.42460
6.63130,1.42323
6.64894,1.42183
6.66667,1.42042
6.68449,1.41900
6.70241,1.41756
6.72043,1.41610
6.73854,1.41463
6.75676,1.41314
6.77507,1.41163
6.79348,1.41011
6.81199,1.40857
6.83060,1.40701
6.84932,1.40543
6.86813,1.40383
6.88705,1.40222
6.90608,1.40059
6.92521,1.39893
6.94444,1.39726
6.96379,1.39557
6.98324,1.39385
7.00280,1.39212
7.02247,1.39037
7.04225,1.38859
7.06215,1.38679
7.08215,1.38497
7.10227,1.38313
7.12251,1.38126
7.14286,1.37937
7.16332,1.37746
7.18391,1.37552
7.20461,1.37356
7.22543,1.37157
7.24638,1.36955
7.26744,1.36751
7.28863,1.36545
7.30994,1.36335
7.33138,1.36123
7.35294,1.35908
7.37463,1.35690
7.39645,1.35469
7.41840,1.35245
7.44048,1.35018
7.46269,1.34787
7.48503,1.34554
7.50751,1.34317
7.53012,1.34077
7.55287,1.33834
7.57576,1.33587
7.59878,1.33337
7.62195,1.33082
7.64526,1.32825
7.66871,1.32563
7.69231,1.32298
7.71605,1.32028
7.73994,1.31755
7.76398,1.31477
7.78816,1.31195
7.81250,1.30909
7.83699,1.30619
7.86164,1.30323
7.88644,1.30024
7.91139,1.29719
7.93651,1.29410
7.96178,1.29096
7.98722,1.28776
8.01282,1.28451
8.03859,1.28122
8.06452,1.27786
8.09061,1.27445
8.11688,1.27098
8.14332,1.26745
8.16993,1.26387
8.19672,1.26022
8.22368,1.25650
8.25083,1.25273
8.27815,1.24888
8.30565,1.24496
8.33333,1.24098
8.36120,1.23692
8.38926,1.23279
8.41751,1.22858
8.44595,1.22429
8.47458,1.21992
8.50340,1.21547
8.53242,1.21093
8.56164,1.20631
8.59107,1.20159
8.62069,1.19678
8.65052,1.19187
8.68056,1.18687
8.71080,1.18176
8.74126,1.17654
8.77193,1.17122
8.80282,1.16579
8.83392,1.16024
8.86525,1.15457
8.89680,1.14878
8.92857,1.14287
8.96057,1.13682
8.99281,1.13064
9.02527,1.12432
9.05797,1.11786
9.09091,1.11124
9.12409,1.10448
9.15751,1.09755
9.19118,1.09047
9.22509,1.08321
9.25926,1.07578
9.29368,1.06817
9.32836,1.06037
9.36330,1.05239
9.39850,1.04420
9.43396,1.03581
9.46970,1.02721
9.50570,1.01839
9.54198,1.00935
9.57854,1.00008
9.61538,0.99058
9.65251,0.98083
9.68992,0.97084
9.72763,0.96059
9.76563,0.95009
9.80392,0.93933
9.84252,0.92832
9.88142,0.91704
9.92063,0.90550
9.96016,0.89371
10.00000,0.88168
10.04016,0.86941
10.08065,0.85692
10.12146,0.84424
10.16260,0.83140
10.20408,0.81842
10.24590,0.80537
10.28807,0.79230
10.33058,0.77927
10.37344,0.76638
10.41667,0.75370
10.46025,0.74134
10.50420,0.72943
10.54852,0.71808
10.59322,0.70742
10.63830,0.69758
10.68376,0.68868
10.72961,0.68082
10.77586,0.67413
10.82251,0.66867
10.86957,0.66453
10.91703,0.66176
10.96491,0.66041
11.01322,0.66051
11.06195,0.66208
11.11111,0.66515
11.16071,0.66974
11.21076,0.67587
11.26126,0.68356
11.31222,0.69285
11.36364,0.70376
11.41553,0.71635
11.46789,0.73066
11.52074,0.74675
11.57407,0.76470
11.62791,0.78456
11.68224,0.80644
11.73709,0.83041
11.79245,0.85657
11.84834,0.88502
11.90476,0.91585
11.96172,0.94914
12.01923,0.98498
12.07729,1.02342
12.13592,1.06450
12.19512,1.10822
12.25490,1.15452
12.31527,1.20330
12.37624,1.25437
12.43781,1.30747
12.50000,1.36224
12.56281,1.41821
12.62626,1.47481
12.69036,1.53139
12.75510,1.58722
12.82051,1.64151
12.88660,1.69348
12.95337,1.74235
13.02083,1.78746
13.08901,1.82820
13.15789,1.86415
13.22751,1.89501
13.29787,1.92065
13.36898,1.94110
13.44086,1.95651
13.51351,1.96714
13.58696,1.97331
13.66120,1.97540
13.73626,1.97382
13.81215,1.96897
13.88889,1.96126
13.96648,1.95104
14.04494,1.93866
14.12429,1.92442
14.20455,1.90861
14.28571,1.89145

wl,k
1.53941,0.00008
1.54036,0.00008
1.54131,0.00008
1.54226,0.00008
1.54321,0.00008
1.54416,0.00008
1.54512,0.00008
1.54607,0.00008
1.54703,0.00008
1.54799,0.00008
1.54895,0.00008
1.54991,0.00008
1.55087,0.00008
1.55183,0.00008
1.55280,0.00008
1.55376,0.00008
1.55473,0.00008
1.55569,0.00008
1.55666,0.00008
1.55763,0.00009
1.55860,0.00009
1.55958,0.00009
1.56055,0.00009
1.56152,0.00009
1.56250,0.00009
1.56348,0.00009
1.56446,0.00009
1.56544,0.00009
1.56642,0.00009
1.56740,0.00009
1.56838,0.00009
1.56937,0.00009
1.57035,0.00009
1.57134,0.00009
1.57233,0.00009
1.57332,0.00009
1.57431,0.00009
1.57530,0.00009
1.57629,0.00009
1.57729,0.00009
1.57828,0.00009
1.57928,0.00009
1.58028,0.00009
1.58128,0.00009
1.58228,0.00009
1.58328,0.00009
1.58428,0.00009
1.58529,0.00009
1.58629,0.00009
1.58730,0.00009
1.58831,0.00009
1.58932,0.00009
1.59033,0.00009
1.59134,0.00009
1.59236,0.00009
1.59337,0.00009
1.59439,0.00009
1.59541,0.00009
1.59642,0.00009
1.59744,0.00009
1.59847,0.00009
1.59949,0.00009
1.60051,0.00009
1.60154,0.00009
1.60256,0.00009
1.60359,0.00009
1.60462,0.00009
1.60565,0.00009
1.60668,0.00009
1.60772,0.00009
1.60875,0.00009
1.60979,0.00009
1.61082,0.00009
1.61186,0.00009
1.61290,0.00009
1.61394,0.00009
1.61499,0.00010
1.61603,0.00010
1.61708,0.00010
1.61812,0.00010
1.61917,0.00010
1.62022,0.00010
1.62127,0.00010
1.62232,0.00010
1.62338,0.00010
1.62443,0.00010
1.62549,0.00010
1.62655,0.00010
1.62760,0.00010
1.62866,0.00010
1.62973,0.00010
1.63079,0.00010
1.63185,0.00010
1.63292,0.00010
1.63399,0.00010
1.63506,0.00010
1.63613,0.00010
1.63720,0.00010
1.63827,0.00010
1.63934,0.00010
1.64042,0.00010
1.64150,0.00010
1.64258,0.00010
1.64366,0.00010
1.64474,0.00010
1.64582,0.00010
1.64690,0.00010
1.64799,0.00010
1.64908,0.00010
1.65017,0.00010
1.65125,0.00010
1.65235,0.00010
1.65344,0.00010
1.65453,0.00010
1.65563,0.00010
1.65673,0.00010
1.65782,0.00010
1.65893,0.00010
1.66003,0.00010
1.66113,0.00010
1.66223,0.00010
1.66334,0.00010
1.66445,0.00010
1.66556,0.00010
1.66667,0.00010
1.66778,0.00010
1.66889,0.00011
1.67001,0.00011
1.67112,0.00011
1.67224,0.00011
1.67336,0.00011
1.67448,0.00011
1.67560,0.00011
1.67673,0.00011
1.67785,0.00011
1.67898,0.00011
1.68011,0.00011
1.68124,0.00011
1.68237,0.00011
1.68350,0.00011
1.68464,0.00011
1.68577,0.00011
1.68691,0.00011
1.68805,0.00011
1.68919,0.00011
1.69033,0.00011
1.69147,0.00011
1.69262,0.00011
1.69377,0.00011
1.69492,0.00011
1.69607,0.00011
1.69722,0.00011
1.69837,0.00011
1.69952,0.00011
1.70068,0.00011
1.70184,0.00011
1.70300,0.00011
1.70416,0.00011
1.70532,0.00011
1.70648,0.00011
1.70765,0.00011
1.70882,0.00011
1.70999,0.00011
1.71116,0.00011
1.71233,0.00011
1.71350,0.00011
1.71468,0.00011
1.71585,0.00011
1.71703,0.00011
1.71821,0.00011
1.71939,0.00012
1.72058,0.00012
1.72176,0.00012
1.72295,0.00012
1.72414,0.00012
1.72533,0.00012
1.72652,0.00012
1.72771,0.00012
1.72891,0.00012
1.73010,0.00012
1.73130,0.00012
1.73250,0.00012
1.73370,0.00012
1.73491,0.00012
1.73611,0.00012
1.73732,0.00012
1.73853,0.00012
1.73974,0.00012
1.74095,0.00012
1.74216,0.00012
1.74338,0.00012
1.74459,0.00012
1.74581,0.00012
1.74703,0.00012
1.74825,0.00012
1.74948,0.00012
1.75070,0.00012
1.75193,0.00012
1.75316,0.00012
1.75439,0.00012
1.75562,0.00012
1.75685,0.00012
1.75809,0.00012
1.75932,0.00012
1.76056,0.00012
1.76180,0.00012
1.76305,0.00012
1.76429,0.00012
1.76554,0.00013
1.76678,0.00013
1.76803,0.00013
1.76929,0.00013
1.77054,0.00013
1.77179,0.00013
1.77305,0.00013
1.77431,0.00013
1.77557,0.00013
1.77683,0.00013
1.77809,0.00013
1.77936,0.00013
1.78063,0.00013
1.78190,0.00013
1.78317,0.00013
1.78444,0.00013
1.78571,0.00013
1.78699,0.00013
1.78827,0.00013
1.78955,0.00013
1.79083,0.00013
1.79211,0.00013
1.79340,0.00013
1.79469,0.00013
1.79598,0.00013
1.79727,0.00013
1.79856,0.00013
1.79986,0.00013
1.80115,0.00013
1.80245,0.00013
1.80375,0.00013
1.80505,0.00013
1.80636,0.00013
1.80766,0.00013
1.80897,0.00013
1.81028,0.00014
1.81159,0.00014
1.81291,0.00014
1.81422,0.00014
1.81554,0.00014
1.81686,0.00014
1.81818,0.00014
1.81951,0.00014
1.82083,0.00014
1.82216,0.00014
1.82349,0.00014
1.82482,0.00014
1.82615,0.00014
1.82749,0.00014
1.82882,0.00014
1.83016,0.00014
1.83150,0.00014
1.83284,0.00014
1.83419,0.00014
1.83554,0.00014
1.83688,0.00014
1.83824,0.00014
1.83959,0.00014
1.84094,0.00014
1.84230,0.00014
1.84366,0.00014
1.84502,0.00014
1.84638,0.00014
1.84775,0.00014
1.84911,0.00014
1.85048,0.00014
1.85185,0.00014
1.85322,0.00015
1.85460,0.00015
1.85598,0.00015
1.85736,0.00015
1.85874,0.00015
1.86012,0.00015
1.86150,0.00015
1.86289,0.00015
1.86428,0.00015
1.86567,0.00015
1.86706,0.00015
1.86846,0.00015
1.86986,0.00015
1.87126,0.00015
1.87266,0.00015
1.87406,0.00015
1.87547,0.00015
1.87688,0.00015
1.87829,0.00015
1.87970,0.00015
1.88111,0.00015
1.88253,0.00015
1.88395,0.00015
1.88537,0.00015
1.88679,0.00015
1.88822,0.00015
1.88964,0.00015
1.89107,0.00015
1.89251,0.00015
1.89394,0.00016
1.89538,0.00016
1.89681,0.00016
1.89825,0.00016
1.89970,0.00016
1.90114,0.00016
1.90259,0.00016
1.90404,0.00016
1.90549,0.00016
1.90694,0.00016
1.90840,0.00016
1.90985,0.00016
1.91131,0.00016
1.91278,0.00016
1.91424,0.00016
1.91571,0.00016
1.91718,0.00016
1.91865,0.00016
1.92012,0.00016
1.92160,0.00016
1.92308,0.00016
1.92456,0.00016
1.92604,0.00016
1.92753,0.00016
1.92901,0.00016
1.93050,0.00016
1.93199,0.00017
1.93349,0.00017
1.93498,0.00017
1.93648,0.00017
1.93798,0.00017
1.93949,0.00017
1.94099,0.00017
1.94250,0.00017
1.94401,0.00017
1.94553,0.00017
1.94704,0.00017
1.94856,0.00017
1.95008,0.00017
1.95160,0.00017
1.95313,0.00017
1.95465,0.00017
1.95618,0.00017
1.95771,0.00017
1.95925,0.00017
1.96078,0.00017
1.96232,0.00017
1.96386,0.00017
1.96541,0.00017
1.96696,0.00017
1.96850,0.00018
1.97006,0.00018
1.97161,0.00018
1.97316,0.00018
1.97472,0.00018
1.97628,0.00018
1.97785,0.00018
1.97941,0.00018
1.98098,0.00018
1.98255,0.00018
1.98413,0.00018
1.98570,0.00018
1.98728,0.00018
1.98886,0.00018
1.99045,0.00018
1.99203,0.00018
1.99362,0.00018
1.99521,0.00018
1.99681,0.00018
1.99840,0.00018
2.00000,0.00018
2.00160,0.00018
2.00321,0.00018
2.00481,0.00019
2.00642,0.00019
2.00803,0.00019
2.00965,0.00019
2.01126,0.00019
2.01288,0.00019
2.01450,0.00019
2.01613,0.00019
2.01776,0.00019
2.01939,0.00019
2.02102,0.00019
2.02265,0.00019
2.02429,0.00019
2.02593,0.00019
2.02758,0.00019
2.02922,0.00019
2.03087,0.00019
2.03252,0.00019
2.03417,0.00019
2.03583,0.00019
2.03749,0.00019
2.03915,0.00020
2.04082,0.00020
2.04248,0.00020
2.04415,0.00020
2.04583,0.00020
2.04750,0.00020
2.04918,0.00020
2.05086,0.00020
2.05255,0.00020
2.05423,0.00020
2.05592,0.00020
2.05761,0.00020
2.05931,0.00020
2.06101,0.00020
2.06271,0.00020
2.06441,0.00020
2.06612,0.00020
2.06782,0.00020
2.06954,0.00020
2.07125,0.00021
2.07297,0.00021
2.07469,0.00021
2.07641,0.00021
2.07814,0.00021
2.07987,0.00021
2.08160,0.00021
2.08333,0.00021
2.08507,0.00021
2.08681,0.00021
2.08855,0.00021
2.09030,0.00021
2.09205,0.00021
2.09380,0.00021
2.09556,0.00021
2.09732,0.00021
2.09908,0.00021
2.10084,0.00021
2.10261,0.00021
2.10438,0.00022
2.10615,0.00022
2.10793,0.00022
2.10970,0.00022
2.11149,0.00022
2.11327,0.00022
2.11506,0.00022
2.11685,0.00022
2.11864,0.00022
2.12044,0.00022
2.12224,0.00022
2.12404,0.00022
2.12585,0.00022
2.12766,0.00022
2.12947,0.00022
2.13129,0.00022
2.13311,0.00022
2.13493,0.00023
2.13675,0.00023
2.13858,0.00023
2.14041,0.00023
2.14225,0.00023
2.14408,0.00023
2.14592,0.00023
2.14777,0.00023
2.14961,0.00023
2.15146,0.00023
2.15332,0.00023
2.15517,0.00023
2.15703,0.00023
2.15889,0.00023
2.16076,0.00023
2.16263,0.00023
2.16450,0.00024
2.16638,0.00024
2.16826,0.00024
2.17014,0.00024
2.17202,0.00024
2.17391,0.00024
2.17581,0.00024
2.17770,0.00024
2.17960,0.00024
2.18150,0.00024
2.18341,0.00024
2.18531,0.00024
2.18723,0.00024
2.18914,0.00024
2.19106,0.00024
2.19298,0.00025
2.19491,0.00025
2.19684,0.00025
2.19877,0.00025
2.20070,0.00025
2.20264,0.00025
2.20459,0.00025
2.20653,0.00025
2.20848,0.00025
2.21043,0.00025
2.21239,0.00025
2.21435,0.00025
2.21631,0.00025
2.21828,0.00025
2.22025,0.00025
2.22222,0.00026
2.22420,0.00026
2.22618,0.00026
2.22816,0.00026
2.23015,0.00026
2.23214,0.00026
2.23414,0.00026
2.23614,0.00026
2.23814,0.00026
2.24014,0.00026
2.24215,0.00026
2.24417,0.00026
2.24618,0.00026
2.24820,0.00027
2.25023,0.00027
2.25225,0.00027
2.25428,0.00027
2.25632,0.00027
2.25836,0.00027
2.26040,0.00027
2.26244,0.00027
2.26449,0.00027
2.26655,0.00027
2.26860,0.00027
2.27066,0.00027
2.27273,0.00027
2.27480,0.00028
2.27687,0.00028
2.27894,0.00028
2.28102,0.00028
2.28311,0.00028
2.28519,0.00028
2.28728,0.00028
2.28938,0.00028
2.29148,0.00028
2.29358,0.00028
2.29568,0.00028
2.29779,0.00028
2.29991,0.00028
2.30203,0.00029
2.30415,0.00029
2.30627,0.00029
2.30840,0.00029
2.31054,0.00029
2.31267,0.00029
2.31481,0.00029
2.31696,0.00029
2.31911,0.00029
2.32126,0.00029
2.32342,0.00029
2.32558,0.00029
2.32775,0.00030
2.32992,0.00030
2.33209,0.00030
2.33427,0.00030
2.33645,0.00030
2.33863,0.00030
2.34082,0.00030
2.34302,0.00030
2.34522,0.00030
2.34742,0.00030
2.34962,0.00030
2.35183,0.00031
2.35405,0.00031
2.35627,0.00031
2.35849,0.00031
2.36072,0.00031
2.36295,0.00031
2.36518,0.00031
2.36742,0.00031
2.36967,0.00031
2.37192,0.00031
2.37417,0.00031
2.37643,0.00032
2.37869,0.00032
2.38095,0.00032
2.38322,0.00032
2.38550,0.00032
2.38777,0.00032
2.39006,0.00032
2.39234,0.00032
2.39464,0.00032
2.39693,0.00032
2.39923,0.00033
2.40154,0.00033
2.40385,0.00033
2.40616,0.00033
2.40848,0.00033
2.41080,0.00033
2.41313,0.00033
2.41546,0.00033
2.41779,0.00033
2.42014,0.00033
2.42248,0.00034
2.42483,0.00034
2.42718,0.00034
2.42954,0.00034
2.43191,0.00034
2.43427,0.00034
2.43665,0.00034
2.43902,0.00034
2.44141,0.00034
2.44379,0.00034
2.44618,0.00035
2.44858,0.00035
2.45098,0.00035
2.45339,0.00035
2.45580,0.00035
2.45821,0.00035
2.46063,0.00035
2.46305,0.00035
2.46548,0.00035
2.46792,0.00036
2.47036,0.00036
2.47280,0.00036
2.47525,0.00036
2.47770,0.00036
2.48016,0.00036
2.48262,0.00036
2.48509,0.00036
2.48756,0.00036
2.49004,0.00037
2.49252,0.00037
2.49501,0.00037
2.49750,0.00037
2.50000,0.00037
2.50250,0.00037
2.50501,0.00037
2.50752,0.00037
2.51004,0.00038
2.51256,0.00038
2.51509,0.00038
2.51762,0.00038
2.52016,0.00038
2.52270,0.00038
2.52525,0.00038
2.52781,0.00038
2.53036,0.00039
2.53293,0.00039
2.53550,0.00039
2.53807,0.00039
2.54065,0.00039
2.54323,0.00039
2.54582,0.00039
2.54842,0.00039
2.55102,0.00040
2.55363,0.00040
2.55624,0.00040
2.55885,0.00040
2.56148,0.00040
2.56410,0.00040
2.56674,0.00040
2.56937,0.00040
2.57202,0.00041
2.57467,0.00041
2.57732,0.00041
2.57998,0.00041
2.58264,0.00041
2.58532,0.00041
2.58799,0.00041
2.59067,0.00042
2.59336,0.00042
2.59605,0.00042
2.59875,0.00042
2.60146,0.00042
2.60417,0.00042
2.60688,0.00042
2.60960,0.00042
2.61233,0.00043
2.61506,0.00043
2.61780,0.00043
2.62055,0.00043
2.62329,0.00043
2.62605,0.00043
2.62881,0.00043
2.63158,0.00044
2.63435,0.00044
2.63713,0.00044
2.63992,0.00044
2.64271,0.00044
2.64550,0.00044
2.64831,0.00045
2.65111,0.00045
2.65393,0.00045
2.65675,0.00045
2.65957,0.00045
2.66241,0.00045
2.66525,0.00045
2.66809,0.00046
2.67094,0.00046
2.67380,0.00046
2.67666,0.00046
2.67953,0.00046
2.68240,0.00046
2.68528,0.00047
2.68817,0.00047
2.69107,0.00047
2.69397,0.00047
2.69687,0.00047
2.69978,0.00047
2.70270,0.00048
2.70563,0.00048
2.70856,0.00048
2.71150,0.00048
2.71444,0.00048
2.71739,0.00048
2.72035,0.00049
2.72331,0.00049
2.72628,0.00049
2.72926,0.00049
2.73224,0.00049
2.73523,0.00049
2.73823,0.00050
2.74123,0.00050
2.74424,0.00050
2.74725,0.00050
2.75028,0.00050
2.75330,0.00050
2.75634,0.00051
2.75938,0.00051
2.76243,0.00051
2.76549,0.00051
2.76855,0.00051
2.77162,0.00052
2.77469,0.00052
2.77778,0.00052
2.78087,0.00052
2.78396,0.00052
2.78707,0.00052
2.79018,0.00053
2.79330,0.00053
2.79642,0.00053
2.79955,0.00053
2.80269,0.00053
2.80584,0.00054
2.80899,0.00054
2.81215,0.00054
2.81532,0.00054
2.81849,0.00054
2.82167,0.00055
2.82486,0.00055
2.82805,0.00055
2.83126,0.00055
2.83447,0.00055
2.83768,0.00056
2.84091,0.00056
2.84414,0.00056
2.84738,0.00056
2.85063,0.00056
2.85388,0.00057
2.85714,0.00057
2.86041,0.00057
2.86369,0.00057
2.86697,0.00057
2.87026,0.00058
2.87356,0.00058
2.87687,0.00058
2.88018,0.00058
2.88351,0.00059
2.88684,0.00059
2.89017,0.00059
2.89352,0.00059
2.89687,0.00059
2.90023,0.00060
2.90360,0.00060
2.90698,0.00060
2.91036,0.00060
2.91375,0.00061
2.91715,0.00061
2.92056,0.00061
2.92398,0.00061
2.92740,0.00061
2.93083,0.00062
2.93427,0.00062
2.93772,0.00062
2.94118,0.00062
2.94464,0.00063
2.94811,0.00063
2.95159,0.00063
2.95508,0.00063
2.95858,0.00064
2.96209,0.00064
2.96560,0.00064
2.96912,0.00064
2.97265,0.00065
2.97619,0.00065
2.97974,0.00065
2.98329,0.00065
2.98686,0.00066
2.99043,0.00066
2.99401,0.00066
2.99760,0.00066
3.00120,0.00067
3.00481,0.00067
3.00842,0.00067
3.01205,0.00067
3.01568,0.00068
3.01932,0.00068
3.02297,0.00068
3.02663,0.00069
3.03030,0.00069
3.03398,0.00069
3.03767,0.00069
3.04136,0.00070
3.04507,0.00070
3.04878,0.00070
3.05250,0.00070
3.05623,0.00071
3.05998,0.00071
3.06373,0.00071
3.06748,0.00072
3.07125,0.00072
3.07503,0.00072
3.07882,0.00072
3.08261,0.00073
3.08642,0.00073
3.09023,0.00073
3.09406,0.00074
3.09789,0.00074
3.10174,0.00074
3.10559,0.00075
3.10945,0.00075
3.11333,0.00075
3.11721,0.00075
3.12110,0.00076
3.12500,0.00076
3.12891,0.00076
3.13283,0.00077
3.13676,0.00077
3.14070,0.00077
3.14465,0.00078
3.14861,0.00078
3.15259,0.00078
3.15657,0.00079
3.16056,0.00079
3.16456,0.00079
3.16857,0.00080
3.17259,0.00080
3.17662,0.00080
3.18066,0.00081
3.18471,0.00081
3.18878,0.00081
3.19285,0.00082
3.19693,0.00082
3.20102,0.00082
3.20513,0.00083
3.20924,0.00083
3.21337,0.00083
3.21750,0.00084
3.22165,0.00084
3.22581,0.00084
3.22997,0.00085
3.23415,0.00085
3.23834,0.00086
3.24254,0.00086
3.24675,0.00086
3.25098,0.00087
3.25521,0.00087
3.25945,0.00087
3.26371,0.00088
3.26797,0.00088
3.27225,0.00089
3.27654,0.00089
3.28084,0.00089
3.28515,0.00090
3.28947,0.00090
3.29381,0.00091
3.29815,0.00091
3.30251,0.00091
3.30688,0.00092
3.31126,0.00092
3.31565,0.00093
3.32005,0.00093
3.32447,0.00093
3.32889,0.00094
3.33333,0.00094
3.33778,0.00095
3.34225,0.00095
3.34672,0.00095
3.35121,0.00096
3.35570,0.00096
3.36022,0.00097
3.36474,0.00097
3.36927,0.00098
3.37382,0.00098
3.37838,0.00098
3.38295,0.00099
3.38753,0.00099
3.39213,0.00100
3.39674,0.00100
3.40136,0.00101
3.40599,0.00101
3.41064,0.00102
3.41530,0.00102
3.41997,0.00103
3.42466,0.00103
3.42936,0.00104
3.43407,0.00104
3.43879,0.00104
3.44353,0.00105
3.44828,0.00105
3.45304,0.00106
3.45781,0.00106
3.46260,0.00107
3.46741,0.00107
3.47222,0.00108
3.47705,0.00108
3.48189,0.00109
3.48675,0.00109
3.49162,0.00110
3.49650,0.00110
3.50140,0.00111
3.50631,0.00112
3.51124,0.00112
3.51617,0.00113
3.52113,0.00113
3.52609,0.00114
3.53107,0.00114
3.53607,0.00115
3.54108,0.00115
3.54610,0.00116
3.55114,0.00116
3.55619,0.00117
3.56125,0.00117
3.56633,0.00118
3.57143,0.00119
3.57654,0.00119
3.58166,0.00120
3.58680,0.00120
3.59195,0.00121
3.59712,0.00122
3.60231,0.00122
3.60750,0.00123
3.61272,0.00123
3.61795,0.00124
3.62319,0.00125
3.62845,0.00125
3.63372,0.00126
3.63901,0.00126
3.64431,0.00127
3.64964,0.00128
3.65497,0.00128
3.66032,0.00129
3.66569,0.00130
3.67107,0.00130
3.67647,0.00131
3.68189,0.00132
3.68732,0.00132
3.69276,0.00133
3.69822,0.00134
3.70370,0.00134
3.70920,0.00135
3.71471,0.00136
3.72024,0.00136
3.72578,0.00137
3.73134,0.00138
3.73692,0.00138
3.74251,0.00139
3.74813,0.00140
3.75375,0.00140
3.75940,0.00141
3.76506,0.00142
3.77074,0.00143
3.77644,0.00143
3.78215,0.00144
3.78788,0.00145
3.79363,0.00146
3.79939,0.00146
3.80518,0.00147
3.81098,0.00148
3.81679,0.00149
3.82263,0.00150
3.82848,0.00150
3.83436,0.00151
3.84025,0.00152
3.84615,0.00153
3.85208,0.00154
3.85802,0.00154
3.86399,0.00155
3.86997,0.00156
3.87597,0.00157
3.88199,0.00158
3.88802,0.00159
3.89408,0.00159
3.90016,0.00160
3.90625,0.00161
3.91236,0.00162
3.91850,0.00163
3.92465,0.00164
3.93082,0.00165
3.93701,0.00166
3.94322,0.00166
3.94945,0.00167
3.95570,0.00168
3.96197,0.00169
3.96825,0.00170
3.97456,0.00171
3.98089,0.00172
3.98724,0.00173
3.99361,0.00174
4.00000,0.00175
4.00641,0.00176
4.01284,0.00177
4.01929,0.00178
4.02576,0.00179
4.03226,0.00180
4.03877,0.00181
4.04531,0.00182
4.05186,0.00183
4.05844,0.00184
4.06504,0.00185
4.07166,0.00186
4.07830,0.00187
4.08497,0.00188
4.09165,0.00189
4.09836,0.00190
4.10509,0.00192
4.11184,0.00193
4.11862,0.00194
4.12541,0.00195
4.13223,0.00196
4.13907,0.00197
4.14594,0.00198
4.15282,0.00199
4.15973,0.00201
4.16667,0.00202
4.17362,0.00203
4.18060,0.00204
4.18760,0.00205
4.19463,0.00207
4.20168,0.00208
4.20875,0.00209
4.21585,0.00210
4.22297,0.00212
4.23012,0.00213
4.23729,0.00214
4.24448,0.00215
4.25170,0.00217
4.25894,0.00218
4.26621,0.00219
4.27350,0.00221
4.28082,0.00222
4.28816,0.00223
4.29553,0.00225
4.30293,0.00226
4.31034,0.00228
4.31779,0.00229
4.32526,0.00230
4.33276,0.00232
4.34028,0.00233
4.34783,0.00235
4.35540,0.00236
4.36300,0.00238
4.37063,0.00239
4.37828,0.00241
4.38596,0.00242
4.39367,0.00244
4.40141,0.00245
4.40917,0.00247
4.41696,0.00248
4.42478,0.00250
4.43262,0.00252
4.44050,0.00253
4.44840,0.00255
4.45633,0.00257
4.46429,0.00258
4.47227,0.00260
4.48029,0.00262
4.48833,0.00263
4.49640,0.00265
4.50450,0.00267
4.51264,0.00269
4.52080,0.00270
4.52899,0.00272
4.53721,0.00274
4.54545,0.00276
4.55373,0.00278
4.56204,0.00279
4.57038,0.00281
4.57875,0.00283
4.58716,0.00285
4.59559,0.00287
4.60405,0.00289
4.61255,0.00291
4.62107,0.00293
4.62963,0.00295
4.63822,0.00297
4.64684,0.00299
4.65549,0.00301
4.66418,0.00303
4.67290,0.00305
4.68165,0.00307
4.69043,0.00309
4.69925,0.00312
4.70810,0.00314
4.71698,0.00316
4.72590,0.00318
4.73485,0.00320
4.74383,0.00323
4.75285,0.00325
4.76190,0.00327
4.77099,0.00330
4.78011,0.00332
4.78927,0.00334
4.79846,0.00337
4.80769,0.00339
4.81696,0.00342
4.82625,0.00344
4.83559,0.00347
4.84496,0.00349
4.85437,0.00352
4.86381,0.00354
4.87329,0.00357
4.88281,0.00359
4.89237,0.00362
4.90196,0.00365
4.91159,0.00367
4.92126,0.00370
4.93097,0.00373
4.94071,0.00376
4.95050,0.00379
4.96032,0.00381
4.97018,0.00384
4.98008,0.00387
4.99002,0.00390
5.00000,0.00393
5.01002,0.00396
5.02008,0.00399
5.03018,0.00402
5.04032,0.00405
5.05051,0.00409
5.06073,0.00412
5.07099,0.00415
5.08130,0.00418
5.09165,0.00421
5.10204,0.00425
5.11247,0.00428
5.12295,0.00432
5.13347,0.00435
5.14403,0.00438
5.15464,0.00442
5.16529,0.00446
5.17598,0.00449
5.18672,0.00453
5.19751,0.00456
5.20833,0.00460
5.21921,0.00464
5.23013,0.00468
5.24109,0.00472
5.25210,0.00475
5.26316,0.00479
5.27426,0.00483
5.28541,0.00487
5.29661,0.00491
5.30786,0.00496
5.31915,0.00500
5.33049,0.00504
5.34188,0.00508
5.35332,0.00512
5.36481,0.00517
5.37634,0.00521
5.38793,0.00526
5.39957,0.00530
5.41126,0.00535
5.42299,0.00540
5.43478,0.00544
5.44662,0.00549
5.45852,0.00554
5.47046,0.00559
5.48246,0.00564
5.49451,0.00569
5.50661,0.00574
5.51876,0.00579
5.53097,0.00584
5.54324,0.00589
5.55556,0.00595
5.56793,0.00600
5.58036,0.00605
5.59284,0.00611
5.60538,0.00616
5.61798,0.00622
5.63063,0.00628
5.64334,0.00634
5.65611,0.00640
5.66893,0.00646
5.68182,0.00652
5.69476,0.00658
5.70776,0.00664
5.72082,0.00670
5.73394,0.00677
5.74713,0.00683
5.76037,0.00690
5.77367,0.00696
5.78704,0.00703
5.80046,0.00710
5.81395,0.00717
5.82751,0.00724
5.84112,0.00731
5.85480,0.00738
5.86854,0.00746
5.88235,0.00753
5.89623,0.00760
5.91017,0.00768
5.92417,0.00776
5.93824,0.00784
5.95238,0.00792
5.96659,0.00800
5.98086,0.00808
5.99520,0.00816
6.00962,0.00825
6.02410,0.00833
6.03865,0.00842
6.05327,0.00851
6.06796,0.00860
6.08273,0.00869
6.09756,0.00878
6.11247,0.00887
6.12745,0.00897
6.14251,0.00907
6.15764,0.00916
6.17284,0.00926
6.18812,0.00936
6.20347,0.00947
6.21891,0.00957
6.23441,0.00968
6.25000,0.00979
6.26566,0.00989
6.28141,0.01001
6.29723,0.01012
6.31313,0.01023
6.32911,0.01035
6.34518,0.01047
6.36132,0.01059
6.37755,0.01071
6.39386,0.01084
6.41026,0.01096
6.42674,0.01109
6.44330,0.01122
6.45995,0.01135
6.47668,0.01149
6.49351,0.01163
6.51042,0.01177
6.52742,0.01191
6.54450,0.01205
6.56168,0.01220
6.57895,0.01235
6.59631,0.01250
6.61376,0.01266
6.63130,0.01282
6.64894,0.01298
6.66667,0.01314
6.68449,0.01331
6.70241,0.01348
6.72043,0.01365
6.73854,0.01383
6.75676,0.01401
6.77507,0.01419
6.79348,0.01438
6.81199,0.01457
6.83060,0.01476
6.84932,0.01496
6.86813,0.01516
6.88705,0.01536
6.90608,0.01557
6.92521,0.01579
6.94444,0.01600
6.96379,0.01622
6.98324,0.01645
7.00280,0.01668
7.02247,0.01692
7.04225,0.01716
7.06215,0.01740
7.08215,0.01765
7.10227,0.01791
7.12251,0.01817
7.14286,0.01843
7.16332,0.01871
7.18391,0.01898
7.20461,0.01927
7.22543,0.01956
7.24638,0.01985
7.26744,0.02016
7.28863,0.02047
7.30994,0.02078
7.33138,0.02111
7.35294,0.02144
7.37463,0.02178
7.39645,0.02212
7.41840,0.02248
7.44048,0.02284
7.46269,0.02321
7.48503,0.02359
7.50751,0.02398
7.53012,0.02438
7.55287,0.02479
7.57576,0.02521
7.59878,0.02564
7.62195,0.02607
7.64526,0.02653
7.66871,0.02699
7.69231,0.02746
7.71605,0.02795
7.73994,0.02845
7.76398,0.02896
7.78816,0.02948
7.81250,0.03002
7.83699,0.03058
7.86164,0.03114
7.88644,0.03173
7.91139,0.03233
7.93651,0.03295
7.96178,0.03358
7.98722,0.03423
8.01282,0.03490
8.03859,0.03560
8.06452,0.03631
8.09061,0.03704
8.11688,0.03779
8.14332,0.03857
8.16993,0.03937
8.19672,0.04019
8.22368,0.04104
8.25083,0.04192
8.27815,0.04283
8.30565,0.04376
8.33333,0.04472
8.36120,0.04572
8.38926,0.04675
8.41751,0.04781
8.44595,0.04891
8.47458,0.05005
8.50340,0.05122
8.53242,0.05244
8.56164,0.05370
8.59107,0.05501
8.62069,0.05636
8.65052,0.05776
8.68056,0.05922
8.71080,0.06073
8.74126,0.06230
8.77193,0.06392
8.80282,0.06562
8.83392,0.06737
8.86525,0.06920
8.89680,0.07111
8.92857,0.07309
8.96057,0.07516
8.99281,0.07731
9.02527,0.07956
9.05797,0.08191
9.09091,0.08436
9.12409,0.08692
9.15751,0.08960
9.19118,0.09240
9.22509,0.09533
9.25926,0.09841
9.29368,0.10164
9.32836,0.10502
9.36330,0.10858
9.39850,0.11232
9.43396,0.11625
9.46970,0.12040
9.50570,0.12476
9.54198,0.12937
9.57854,0.13424
9.61538,0.13938
9.65251,0.14482
9.68992,0.15058
9.72763,0.15668
9.76563,0.16316
9.80392,0.17005
9.84252,0.17736
9.88142,0.18515
9.92063,0.19345
9.96016,0.20230
10.00000,0.21175
10.04016,0.22184
10.08065,0.23263
10.12146,0.24417
10.16260,0.25652
10.20408,0.26974
10.24590,0.28389
10.28807,0.29903
10.33058,0.31522
10.37344,0.33252
10.41667,0.35097
10.46025,0.37062
10.50420,0.39147
10.54852,0.41356
10.59322,0.43685
10.63830,0.46134
10.68376,0.48697
10.72961,0.51367
10.77586,0.54138
10.82251,0.57000
10.86957,0.59944
10.91703,0.62961
10.96491,0.66042
11.01322,0.69177
11.06195,0.72360
11.11111,0.75582
11.16071,0.78838
11.21076,0.82120
11.26126,0.85424
11.31222,0.88745
11.36364,0.92076
11.41553,0.95414
11.46789,0.98753
11.52074,1.02086
11.57407,1.05408
11.62791,1.08709
11.68224,1.11982
11.73709,1.15215
11.79245,1.18396
11.84834,1.21509
11.90476,1.24536
11.96172,1.27459
12.01923,1.30251
12.07729,1.32886
12.13592,1.35333
12.19512,1.37557
12.25490,1.39519
12.31527,1.41178
12.37624,1.42491
12.43781,1.43413
12.50000,1.43901
12.56281,1.43915
12.62626,1.43422
12.69036,1.42396
12.75510,1.40823
12.82051,1.38706
12.88660,1.36060
12.95337,1.32918
13.02083,1.29327
13.08901,1.25349
13.15789,1.21053
13.22751,1.16515
13.29787,1.11812
13.36898,1.07018
13.44086,1.02202
13.51351,0.97425
13.58696,0.92738
13.66120,0.88181
13.73626,0.83788
13.81215,0.79580
13.88889,0.75574
13.96648,0.71776
14.04494,0.68192
14.12429,0.64819
14.20455,0.61654
14.28571,0.58690
